"code_site";"libelle_site";"code_station";"libelle_station";"type_station";"coordonnee_x_station";"coordonnee_y_station";"code_projection";"longitude_station";"latitude_station";"influence_locale_station";"commentaire_station";"altitude_ref_alti_station";"code_systeme_alti_site";"code_commune_station";"libelle_commune";"code_departement";"code_region";"libelle_region";"code_cours_eau";"libelle_cours_eau";"uri_cours_eau";"descriptif_station";"date_maj_station";"date_ouverture_station";"date_fermeture_station";"commentaire_influence_locale_station";"code_regime_station";"qualification_donnees_station";"code_finalite_station";"type_contexte_loi_stat_station";"type_loi_station";"code_sandre_reseau_station";"date_debut_ref_alti_station";"date_activation_ref_alti_station";"date_maj_ref_alti_station";"libelle_departement";"en_service";"coordLatLon"
"I9122010";"L'Airon à Louvigné-du-Désert et à Landivy";"I912201001";"L'Airon à Louvigné-du-Désert - Moulin du Pont";"STD";"399243.0";"6828501.0";"26";"-1.0719080221995763";"48.486959222080266";"1";"";"";"";"35162";"LOUVIGNE-DU-DESERT";"35";"53";"BRETAGNE";"I91-0400";"L'Airon";"http://id.eaufrance.fr/CEA/I91-0400";"Moulin du Pont";"2023-04-11T00:00:00Z";"1972-12-01T00:00:00Z";"2002-07-09T00:00:00Z";"";"1";"20";"1 2";"1";"2";"POH004,POH047,POH117,POH903,BSH104,BSH153,BSH004,BSH053";"";"";"";"ILLE-ET-VILAINE";"false";"48.486959222080266,-1.0719080221995763"
"J0014010";"Le Nançon à Lécousse";"J001401001";"Le Nançon à Lécousse - Pont aux Anes";"STD";"389395.0";"6816620.0";"26";"-1.1964507359188934";"48.37558301502423";"1";"";"105174.0";"0";"35150";"LECOUSSE";"35";"53";"BRETAGNE";"J0014000";"le Nançon";"http://id.eaufrance.fr/CEA/J0014000";"Pont aux Anes";"2022-02-16T00:00:00Z";"1982-01-30T00:00:00Z";"";"";"1";"20";"1 2";"1";"2";"POH118,POH006,BSH003,BSH057,RIC318,POH050,POH902,BSH103,BSH157";"1968-10-01T00:00:00Z";"2013-11-18T00:00:00Z";"2015-04-21T00:00:00Z";"ILLE-ET-VILAINE";"true";"48.37558301502423,-1.1964507359188934"
"J0014010";"Le Nançon à Lécousse";"J001401002";"Le Nançon à Lécousse - Aval moulin";"STD";"389123.0";"6816462.0";"26";"-1.2000052507817907";"48.37403348625965";"1";"";"";"";"35150";"LECOUSSE";"35";"53";"BRETAGNE";"J0014000";"le Nançon";"http://id.eaufrance.fr/CEA/J0014000";"Aval moulin";"2021-02-19T00:00:00Z";"1968-04-11T00:00:00Z";"1982-02-01T00:00:00Z";"";"1";"16";"0";"1";"0";"";"";"";"";"ILLE-ET-VILAINE";"false";"48.37403348625965,-1.2000052507817907"
"J0101510";"Le Couesnon à Mézières-sur-Couesnon";"J010151001";"Le Couesnon à Mézières-sur-Couesnon - La Roche";"STD";"371675.0";"6810522.0";"26";"-1.4307507549912786";"48.312096249114816";"1";"";"";"";"35178";"MEZIERES-SUR-COUESNON";"35";"53";"BRETAGNE";"J0--0150";"le Couesnon";"http://id.eaufrance.fr/CEA/J0--0150";"La Roche";"2021-01-19T00:00:00Z";"1971-08-20T00:00:00Z";"1978-12-27T00:00:00Z";"";"1";"16";"1 2";"1";"2";"";"";"";"";"ILLE-ET-VILAINE";"false";"48.312096249114816,-1.4307507549912786"
"J0110001";"La Minette à Chauvigné et à Saint-Christophe-de-Valains";"J011000101";"La Minette à Chauvigné";"STD";"370639.4162989";"6814375.4861446";"26";"-1.447622505321135";"48.34618809158645";"0";"[2024 DREAL] - Station hydrométrique temporaire dédiée à l'étiage, gérée par le syndicat de bassin versant du Couesnon avec l'aide de la DREAL Bretagne. Jaugeages réalisés à la règle à jauger. Supervision du traitement des données par la DREAL Bretagne.";"";"";"35075";"CHAUVIGNE";"35";"53";"BRETAGNE";"J0114000";"la Minette";"http://id.eaufrance.fr/CEA/J0114000";"";"2024-10-15T00:00:00Z";"2024-06-12T00:00:00Z";"";"";"1";"20";"1 5 6 7";"";"";"";"";"";"";"ILLE-ET-VILAINE";"true";"48.34618809158645,-1.447622505321135"
"J0121510";"Le Couesnon à Romazy";"J012151001";"Le Couesnon à Romazy - La Mondrais";"STD";"366607.0";"6816751.0";"26";"-1.5037859027363691";"48.36547079111906";"3";"";"19900.0";"0";"35244";"ROMAZY";"35";"53";"BRETAGNE";"J0--0150";"le Couesnon";"http://id.eaufrance.fr/CEA/J0--0150";"La Mondrais";"2024-05-07T00:00:00Z";"1967-11-22T00:00:00Z";"";"";"1";"20";"1 2";"1";"2";"POH118,POH006,BSH003,BSH057,POH050,POH902,BSH103,BSH157";"1967-11-18T00:00:00Z";"2013-11-18T00:00:00Z";"2015-04-21T00:00:00Z";"ILLE-ET-VILAINE";"true";"48.36547079111906,-1.5037859027363691"
"J0144010";"La Loisance à Saint-Ouen-la-Rouërie";"J014401001";"La Loisance à Saint-Ouen-la-Rouërie - Moulin Neuf";"STD";"372023.0";"6823398.0";"26";"-1.4358153932222923";"48.42793236127455";"1";"";"49000.0";"0";"35303";"SAINT-OUEN-LA-ROUERIE";"35";"53";"BRETAGNE";"J014400A";"";"http://id.eaufrance.fr/CEA/J014400A";"Moulin Neuf";"2021-01-19T00:00:00Z";"1968-08-01T00:00:00Z";"";"";"1";"20";"2 1";"1";"2";"POH006,POH118,POH050,POH902,BSH003,BSH057,BSH103,BSH157";"1968-08-01T00:00:00Z";"2013-11-18T00:00:00Z";"2020-02-03T00:00:00Z";"ILLE-ET-VILAINE";"true";"48.42793236127455,-1.4358153932222923"
"J0144210";"La Loisance à Saint-Étienne-en-Coglès";"J014421001";"La Loisance à Saint-Étienne-en-Coglès - La Cour";"STD";"380175.0";"6820562.0";"26";"-1.3236864285346126";"48.406523313633016";"1";"";"";"";"35267";"SAINT-ETIENNE-EN-COGLES";"35";"53";"BRETAGNE";"J014400A";"";"http://id.eaufrance.fr/CEA/J014400A";"La Cour";"2021-02-22T00:00:00Z";"1985-05-30T00:00:00Z";"1985-11-26T00:00:00Z";"";"1";"20";"1 2";"1";"2";"";"";"";"";"ILLE-ET-VILAINE";"false";"48.406523313633016,-1.3236864285346126"
"J0323010";"Le Guyoult à Epiniac";"J032301001";"Le Guyoult à Epiniac - La Vieux-Ville";"STD";"353995.0";"6835360.0";"26";"-1.688678545658996";"48.52599880188924";"1";"";"16112.0";"0";"35104";"EPINIAC";"35";"53";"BRETAGNE";"J03-0300";"le Guyoult";"http://id.eaufrance.fr/CEA/J03-0300";"La Vieux-Ville";"2022-02-16T00:00:00Z";"1967-11-17T00:00:00Z";"";"";"1";"20";"1 2";"1";"2";"POH118,POH006,BSH003,BSH057,RIC318,POH050,POH902,BSH103,BSH157";"1967-11-01T00:00:00Z";"2013-11-18T00:00:00Z";"2015-04-21T00:00:00Z";"ILLE-ET-VILAINE";"true";"48.52599880188924,-1.688678545658996"
"J0407610";"Le Meleuc à Plerguer";"J040761001";"Le Meleuc à Plerguer - Pont D 676";"STD";"341215.0";"6834654.0";"26";"-1.8608413633126364";"48.512711766638574";"1";"";"";"";"35224";"PLERGUER";"35";"53";"BRETAGNE";"J0406500";"le Meleuc";"http://id.eaufrance.fr/CEA/J0406500";"Pont D 676";"2021-01-19T00:00:00Z";"1970-12-01T00:00:00Z";"1975-01-07T00:00:00Z";"";"1";"20";"1 2";"1";"2";"";"";"";"";"ILLE-ET-VILAINE";"false";"48.512711766638574,-1.8608413633126364"
"J0500001";"[La Manche] à Cancale";"J050000101";"[La Manche] à Cancale - [Marégraphe] - Port de Cancale";"H";"342950.0";"6851887.0";"26";"-1.8517219899316948";"48.668393244647355";"3";"";"";"";"35049";"CANCALE";"35";"53";"BRETAGNE";"00000000";"";"http://id.eaufrance.fr/CEA/00000000";"[Marégraphe] - Port de Cancale";"2021-08-16T00:00:00Z";"2016-03-04T00:00:00Z";"";"";"1";"16";"0";"";"";"";"";"";"";"ILLE-ET-VILAINE";"true";"48.668393244647355,-1.8517219899316948"
"J0626610";"Le Néal à Médréac";"J062661001";"Le Néal à Médréac - Pont D 220";"STD";"326085.0";"6808872.0";"26";"-2.0429978006527416";"48.27268507577006";"1";"";"57000.0";"0";"35171";"MEDREAC";"35";"53";"BRETAGNE";"J0626600";"le Néal";"http://id.eaufrance.fr/CEA/J0626600";"Pont D 220";"2022-03-25T00:00:00Z";"1967-12-11T00:00:00Z";"";"";"1";"20";"1 2";"1";"2";"POH118,POH006,BSH003,BSH057,RIC068,RIC318,POH050,POH902,BSH103,BSH157";"1967-12-01T00:00:00Z";"2013-11-18T00:00:00Z";"2016-03-01T00:00:00Z";"ILLE-ET-VILAINE";"true";"48.27268507577006,-2.0429978006527416"
"J7010610";"La Vilaine à Vitré";"J701061001";"La Vilaine à Vitré - Bas Pont";"STD";"385954.0";"6788665.0";"26";"-1.2226738158066288";"48.12276274995608";"3";"Station influencée par le barrage de la Chapelle Erbrée (1984).";"61293.0";"0";"35360";"VITRE";"35";"53";"BRETAGNE";"J---006A";"";"http://id.eaufrance.fr/CEA/J---006A";"Bas Pont";"2023-06-12T00:00:00Z";"1969-01-21T00:00:00Z";"";"";"1";"20";"1 2";"1";"2";"BSH003,BSH057,BSH103,BSH157,POH006,POH050,POH118,POH902,RIC118,RIC268,RIC318";"1995-11-01T00:00:00Z";"2013-11-18T00:00:00Z";"2019-04-24T00:00:00Z";"ILLE-ET-VILAINE";"true";"48.12276274995608,-1.2226738158066288"
"J7010620";"La Vilaine à Saint-M'Hervé";"J701062001";"La Vilaine à Saint-M'Hervé";"STD";"394481.0";"6790684.0";"26";"-1.1096408401602214";"48.14495150899053";"1";"";"74000.0";"0";"35300";"SAINT-M'HERVE";"35";"53";"BRETAGNE";"J---006A";"";"http://id.eaufrance.fr/CEA/J---006A";"";"2021-02-22T00:00:00Z";"1970-11-20T00:00:00Z";"1982-10-09T00:00:00Z";"";"1";"20";"1 2";"1";"2";"";"1982-01-01T00:00:00Z";"2013-11-18T00:00:00Z";"2019-04-26T00:00:00Z";"ILLE-ET-VILAINE";"false";"48.14495150899053,-1.1096408401602214"
"J7010630";"La Vilaine à Erbrée";"J701063001";"La Vilaine à Erbrée - Rideux [aval retenue Haute Vilaine]";"STD";"391782.0";"6790626.0";"26";"-1.1458386964873868";"48.143161341509014";"3";"Station influencée par le barrage de la Chapelle Erbrée (1984).";"73397.0";"0";"35105";"ERBREE";"35";"53";"BRETAGNE";"J---006A";"";"http://id.eaufrance.fr/CEA/J---006A";"Rideux [aval retenue Haute Vilaine]";"2021-01-19T00:00:00Z";"1990-08-27T00:00:00Z";"";"";"1";"20";"2 1";"1";"2";"POH006,POH050,POH118,POH902,BSH003,BSH057,BSH103,BSH157";"1995-11-01T00:00:00Z";"2013-11-18T00:00:00Z";"2019-04-26T00:00:00Z";"ILLE-ET-VILAINE";"true";"48.143161341509014,-1.1458386964873868"
"J7010640";"La Vilaine à la Chapelle-Erbrée [retenue Haute Vilaine]";"J701064001";"La Vilaine à la Chapelle-Erbrée [retenue Haute Vilaine] - Hauteur";"H";"393140.0";"6790851.0";"26";"-1.1277636419775967";"48.14582305888089";"2";"Marnage 0-10m";"80975.0";"3";"35061";"CHAPELLE-ERBREE";"35";"53";"BRETAGNE";"J---006A";"";"http://id.eaufrance.fr/CEA/J---006A";"Hauteur";"2023-04-07T00:00:00Z";"1995-03-02T00:00:00Z";"";"";"1";"16";"0";"1";"0";"POH050,POH118,POH902,RIC068,RIC318";"1995-03-02T00:00:00Z";"2020-07-09T00:00:00Z";"2020-07-09T00:00:00Z";"ILLE-ET-VILAINE";"true";"48.14582305888089,-1.1277636419775967"
"J7024010";"La Valière à Erbrée";"J702401001";"La Valière à Erbrée - Les Ravenières";"STD";"393017.0";"6786750.0";"26";"-1.1265349071041006";"48.108913351785226";"1";"Début de la station le 19/09/1979 jusqu'au 17/09/1984 20h00, nouvelle station à partir du 25/09/1984.  Marnage 0-3m";"88477.0";"0";"35105";"ERBREE";"35";"53";"BRETAGNE";"J7024000";"la Valière";"http://id.eaufrance.fr/CEA/J7024000";"Les Ravenières";"2021-02-11T00:00:00Z";"1979-09-19T00:00:00Z";"";"";"1";"20";"1 2";"1";"2";"POH006,POH050,POH118,POH902,RIC068,RIC118,RIC268,RIC318,BSH003,BSH057,BSH103,BSH157";"1995-11-01T00:00:00Z";"2013-11-18T00:00:00Z";"2015-09-18T00:00:00Z";"ILLE-ET-VILAINE";"true";"48.108913351785226,-1.1265349071041006"
"J7024020";"La Valière à Vitré";"J702402001";"La Valière à Vitré - Le Château des Rochers [aval retenue Valière]";"STD";"389913.0";"6783335.0";"26";"-1.1657630035943192";"48.076759642581116";"3";"Station influencée par le barrage de la Valière (1979).";"69004.0";"0";"35360";"VITRE";"35";"53";"BRETAGNE";"J7024000";"la Valière";"http://id.eaufrance.fr/CEA/J7024000";"Le Château des Rochers [aval retenue Valière]";"2021-01-19T00:00:00Z";"1979-10-19T00:00:00Z";"";"";"1";"20";"2 1";"1";"2";"POH006,POH050,POH118,POH902,RIC118,RIC268,RIC318,BSH003,BSH057,BSH103,BSH157";"1995-11-01T00:00:00Z";"2013-11-18T00:00:00Z";"2015-09-18T00:00:00Z";"ILLE-ET-VILAINE";"true";"48.076759642581116,-1.1657630035943192"
"J7024030";"La Valière à Erbrée [retenue Valière]";"J702403001";"La Valière à Erbrée [retenue Valière] - Hauteur";"H";"390059.0";"6784015.0";"26";"-1.1642865728458098";"48.08293947754893";"2";"Marnage 0-10m Zéro échelle 70 en orthométrique";"";"";"35105";"ERBREE";"35";"53";"BRETAGNE";"J7024000";"la Valière";"http://id.eaufrance.fr/CEA/J7024000";"Hauteur";"2023-04-07T00:00:00Z";"1995-02-28T00:00:00Z";"";"";"1";"16";"2";"1";"0";"POH050,POH118,POH902,RIC068,RIC318";"";"";"";"ILLE-ET-VILAINE";"true";"48.08293947754893,-1.1642865728458098"
"J7024040";"La Valière à Vitré";"J702404001";"La Valière à Vitré - Pont d'Etrelles";"STD";"387253.0";"6784156.0";"26";"-1.2020171607654973";"48.08286946614127";"2";"";"59966.0";"3";"35360";"VITRE";"35";"53";"BRETAGNE";"J7024000";"la Valière";"http://id.eaufrance.fr/CEA/J7024000";"Pont d'Etrelles";"2021-05-18T00:00:00Z";"2005-02-10T00:00:00Z";"2020-08-05T00:00:00Z";"";"1";"16";"2";"1";"0";"";"2005-02-10T00:00:00Z";"2015-09-18T00:00:00Z";"2020-08-07T00:00:00Z";"ILLE-ET-VILAINE";"false";"48.08286946614127,-1.2020171607654973"
"J7043010";"La Cantache à Taillis";"J704301001";"La Cantache à Taillis - La Basse Molière";"STD";"386021.0";"6793112.0";"26";"-1.2249709686610752";"48.16275304556065";"2";"Amont retenue Villaumur, station SPC gérée par la DREAL depuis le 07/03/2011. Marnage 0-3m";"73681.0";"3";"35330";"TAILLIS";"35";"53";"BRETAGNE";"J70-0300";"la Cantache";"http://id.eaufrance.fr/CEA/J70-0300";"La Basse Molière";"2021-02-22T00:00:00Z";"2011-03-06T00:00:00Z";"";"Aval retenue Châtillon en Vendelais.";"1";"20";"";"1";"2";"POH006,POH050,POH118,POH902,RIC068,RIC318";"2000-01-01T00:00:00Z";"2015-09-18T00:00:00Z";"2018-11-13T00:00:00Z";"ILLE-ET-VILAINE";"true";"48.16275304556065,-1.2249709686610752"
"J7053010";"La Cantache à Champeaux";"J705301001";"La Cantache à Champeaux - Rabaud";"STD";"382263.0";"6790404.0";"26";"-1.2734711122675542";"48.13660229015333";"1";"Station noyée après mise en eau du barrage de Villaumur (1995).";"";"";"35052";"CHAMPEAUX";"35";"53";"BRETAGNE";"J70-0300";"la Cantache";"http://id.eaufrance.fr/CEA/J70-0300";"Rabaud";"2021-03-01T00:00:00Z";"1962-01-01T00:00:00Z";"1994-05-08T00:00:00Z";"";"1";"20";"1 2";"1";"2";"";"";"";"";"ILLE-ET-VILAINE";"false";"48.13660229015333,-1.2734711122675542"
"J7053020";"La Cantache à Pocé-les-Bois [retenue Cantache]";"J705302001";"La Cantache à Pocé-les-Bois [retenue Cantache] - Hauteur";"H";"380762.0";"6789489.0";"26";"-1.292951052133101";"48.12764864366011";"2";"";"";"";"35229";"POCE-LES-BOIS";"35";"53";"BRETAGNE";"J70-0300";"la Cantache";"http://id.eaufrance.fr/CEA/J70-0300";"Hauteur";"2023-04-07T00:00:00Z";"1995-05-24T00:00:00Z";"";"";"1";"16";"0";"1";"0";"POH050,POH118,POH902,RIC068,RIC318";"";"";"";"ILLE-ET-VILAINE";"true";"48.12764864366011,-1.292951052133101"
"J7054010";"La Pérouse à Montreuil-sous-Pérouse";"J705401001";"La Pérouse à Montreuil-sous-Pérouse - Pont D 179";"STD";"386155.0";"6791922.0";"26";"-1.2223158384902428";"48.15212499191345";"";"";"69018.0";"3";"35194";"MONTREUIL-SOUS-PEROUSE";"35";"53";"BRETAGNE";"J7054000";"la Pérouse";"http://id.eaufrance.fr/CEA/J7054000";"Pont D 179";"2025-02-28T00:00:00Z";"2000-01-01T00:00:00Z";"";"";"1";"16";"";"1";"0";"POH118,POH006,POH050,POH902";"2000-01-01T00:00:00Z";"2023-11-27T00:00:00Z";"2025-02-28T00:00:00Z";"ILLE-ET-VILAINE";"true";"48.15212499191345,-1.2223158384902428"
"J7060610";"La Vilaine à Servon-sur-Vilaine";"J706061001";"La Vilaine à Servon-sur-Vilaine - La Croix Texier";"STD";"367854.0";"6789020.0";"26";"-1.4658122206838637";"48.11699625376526";"1";"";"48000.0";"0";"35327";"SERVON-SUR-VILAINE";"35";"53";"BRETAGNE";"J---006A";"";"http://id.eaufrance.fr/CEA/J---006A";"La Croix Texier";"2021-02-22T00:00:00Z";"1969-02-19T00:00:00Z";"1991-01-01T00:00:00Z";"";"1";"20";"1 2";"1";"2";"";"1969-01-01T00:00:00Z";"2013-11-18T00:00:00Z";"2019-04-26T00:00:00Z";"ILLE-ET-VILAINE";"false";"48.11699625376526,-1.4658122206838637"
"J7060620";"La Vilaine à Châteaubourg";"J706062001";"La Vilaine à Châteaubourg - Bel Air";"STD";"372406.0";"6787767.0";"26";"-1.4037982237026323";"48.10803827171614";"3";"Station influencée par les barrages : Valière (1979) - Chapelle Erbrée (1984) - Villaumur (1995). marnage 0-5m";"39772.0";"0";"35068";"CHATEAUBOURG";"35";"53";"BRETAGNE";"J---006A";"";"http://id.eaufrance.fr/CEA/J---006A";"Bel Air";"2021-01-19T00:00:00Z";"1989-12-31T00:00:00Z";"";"";"1";"20";"2 1";"1";"2";"POH006,RIC019,POH050,POH118,POH902,RIC268,RIC318,RIC118,BSH003,BSH057,BSH103,BSH157";"1995-11-01T00:00:00Z";"2013-11-18T00:00:00Z";"2015-09-18T00:00:00Z";"ILLE-ET-VILAINE";"true";"48.10803827171614,-1.4037982237026323"
"J7083110";"La Veuvre [Le Chevré] à la Bouëxière";"J708311001";"La Veuvre [Le Chevré] à la Bouëxière - Le Drugeon";"STD";"365841.0";"6796495.0";"26";"-1.4985389717112585";"48.183122013123935";"1";"";"42981.0";"0";"35031";"BOUEXIERE";"35";"53";"BRETAGNE";"J70-0310";"la Veuvre";"http://id.eaufrance.fr/CEA/J70-0310";"Le Drugeon";"2020-06-23T00:00:00Z";"1962-01-01T00:00:00Z";"";"";"1";"20";"2 1";"1";"2";"POH006,POH050,POH118,POH902,RIC118,RIC268,RIC318,BSH003,BSH057,BSH103,BSH157";"1995-11-01T00:00:00Z";"2013-11-18T00:00:00Z";"2015-09-18T00:00:00Z";"ILLE-ET-VILAINE";"true";"48.183122013123935,-1.4985389717112585"
"J7090630";"La Vilaine à Cesson-Sévigné et à Rennes";"J709063001";"La Vilaine à Cesson-Sévigné - Cesson [Ancienne]";"STD";"357183.0";"6789356.0";"26";"-1.6092301104965918";"48.11449992153422";"1";"";"24000.0";"0";"35051";"CESSON-SEVIGNE";"35";"53";"BRETAGNE";"J---006A";"";"http://id.eaufrance.fr/CEA/J---006A";"Cesson [Ancienne]";"2020-06-26T00:00:00Z";"1970-01-01T00:00:00Z";"1975-12-31T00:00:00Z";"";"1";"20";"2 1";"1";"2";"";"1969-12-01T00:00:00Z";"2013-11-18T00:00:00Z";"2019-04-26T00:00:00Z";"ILLE-ET-VILAINE";"false";"48.11449992153422,-1.6092301104965918"
"J7090630";"La Vilaine à Cesson-Sévigné et à Rennes";"J709063002";"La Vilaine à Cesson-Sévigné - Pont Briand";"STD";"360626.0";"6790176.0";"26";"-1.563678429895898";"48.123664694399956";"3";"Cette station a été gérée par le Service de Bassin Loire-Bretagne jusqu'au 25/09/2000. Station influencée par les barrages : Valière (1979) - Chapelle Erbrée (1984) - Villaumur (1995). Marnage 0-5m Depuis 2020 : cette station n'est plus utilisée pour les débits d'étiage (mise en place d'une station à l'aval pour mesurer les débits d'étiage) Avant 2020 : pousse de végétation importante entre le point de mesure de hauteur d'eau et le seuil hydrométrique, nécessitant l'application d'une courbe de correction (CorTH), rendant les débits d'étiage plus incertains.";"28499.0";"0";"35051";"CESSON-SEVIGNE";"35";"53";"BRETAGNE";"J---006A";"";"http://id.eaufrance.fr/CEA/J---006A";"Pont Briand";"2023-10-27T00:00:00Z";"1987-09-21T00:00:00Z";"";"";"1";"12";"1 2 4";"1";"2";"POH118,RIC019,POH006,RIC118,RIC268,RIC318,POH050,POH902";"1995-11-01T00:00:00Z";"2013-11-18T00:00:00Z";"2015-09-18T00:00:00Z";"ILLE-ET-VILAINE";"true";"48.123664694399956,-1.563678429895898"
"J7090630";"La Vilaine à Cesson-Sévigné et à Rennes";"J709063003";"La Vilaine à Cesson-Sévigné - Plaine de Baud";"STD";"354650.0";"6789195.0";"26";"-1.6430814041573418";"48.11171904885701";"3";"";"";"";"35051";"CESSON-SEVIGNE";"35";"53";"BRETAGNE";"J---006A";"";"http://id.eaufrance.fr/CEA/J---006A";"Plaine de Baud";"2020-08-10T00:00:00Z";"1982-11-04T00:00:00Z";"2019-11-19T00:00:00Z";"Aval barrages soutien étiage + écrêtement crues.";"1";"16";"2";"1";"2";"POH006,POH050,POH118,POH902";"";"";"";"ILLE-ET-VILAINE";"false";"48.11171904885701,-1.6430814041573418"
"J7090630";"La Vilaine à Cesson-Sévigné et à Rennes";"J709063004";"La Vilaine à Cesson-Sévigné - Pont- Briand [étiage - échelle aval]";"STD";"360606.0";"6790203.0";"26";"-1.563967740453114";"48.12389684918012";"3";"Cette station ne fonctionne qu'en période estivale, pour mesurer les débits d'étiage.";"";"";"35051";"CESSON-SEVIGNE";"35";"53";"BRETAGNE";"J---006A";"";"http://id.eaufrance.fr/CEA/J---006A";"Pont- Briand [étiage - échelle aval]";"2023-10-27T00:00:00Z";"2020-06-08T00:00:00Z";"";"";"1";"20";"1 4";"";"";"POH118,POH006,BSH003,BSH057,POH050,POH902,BSH103,BSH157";"";"";"";"ILLE-ET-VILAINE";"true";"48.12389684918012,-1.563967740453114"
"J7103010";"L'Ille à Montreuil-sur-Ille";"J710301001";"L'Ille à Montreuil-sur-Ille - Ecluse d'Ille";"STD";"353675.0";"6809803.0";"26";"-1.6725354874861296";"48.29630778914397";"2";"Cette station a été gérée par le Service de Bassin Loire-Bretagne jusqu'au 25/09/2000.";"55000.0";"0";"35195";"MONTREUIL-SUR-ILLE";"35";"53";"BRETAGNE";"J71-030A";"";"http://id.eaufrance.fr/CEA/J71-030A";"Ecluse d'Ille";"2024-10-08T00:00:00Z";"1989-03-14T00:00:00Z";"";"[DREAL 2024] - Le débit de l'Ille est influencé en étiage par la gestion de l'alimentation en eau du canal d'Ille et Rance. Influences connues : - alimentation de l'Ille par l'étang du Boulet - possibilité d'apport au niveau de la station hydrométrique via la rigole du Chenay Piguelais";"1";"20";"1 2 3";"1";"2";"POH118,POH006,BSH003,RIC118,BSH057,RIC268,RIC318,POH050,POH902,BSH103,BSH157";"1995-11-01T00:00:00Z";"2013-11-18T00:00:00Z";"2015-09-18T00:00:00Z";"ILLE-ET-VILAINE";"true";"48.29630778914397,-1.6725354874861296"
"J7114010";"L'Illet à Chasné-sur-Illet";"J711401001";"L'Illet à Chasné-sur-Illet - Le Bas Janson";"STD";"360584.0";"6803930.0";"26";"-1.5749459526828977";"48.24719423844721";"1";"";"44121.0";"0";"35067";"CHASNE-SUR-ILLET";"35";"53";"BRETAGNE";"J7114000";"l'Illet";"http://id.eaufrance.fr/CEA/J7114000";"Le Bas Janson";"2021-01-19T00:00:00Z";"1990-03-20T00:00:00Z";"";"";"1";"20";"2 1";"1";"2";"POH006,RIC019,POH050,POH118,POH902,RIC268,RIC318,RIC118,BSH003,BSH057,BSH103,BSH157";"1995-11-01T00:00:00Z";"2013-11-18T00:00:00Z";"2015-09-18T00:00:00Z";"ILLE-ET-VILAINE";"true";"48.24719423844721,-1.5749459526828977"
"J7120010";"Le canal d'Ille et Rance à Rennes";"J712001001";"Le canal d'Ille et Rance à Rennes - Ecluse de St Martin";"STD";"352053.0";"6790607.0";"26";"-1.6790391868600623";"48.12302405321135";"";"";"26254.0";"3";"35238";"RENNES";"35";"53";"BRETAGNE";"J---200G";"";"http://id.eaufrance.fr/CEA/J---200G";"Ecluse de St Martin";"2023-04-07T00:00:00Z";"1998-04-23T00:00:00Z";"";"";"1";"16";"2";"1";"0";"POH050,POH118,POH902,RIC118,RIC268,RIC318";"1998-04-23T00:00:00Z";"2015-09-18T00:00:00Z";"2021-02-12T00:00:00Z";"ILLE-ET-VILAINE";"true";"48.12302405321135,-1.6790391868600623"
"J7123010";"Le canal d'Ille et Rance [L'Ille] à Saint-Grégoire";"J712301001";"Le canal d'Ille et Rance [L'Ille] à Saint-Grégoire - Ecluse de St Grégoire";"STD";"352214.0";"6793685.0";"26";"-1.6793291976659817";"48.15075801523955";"3";"";"27393.0";"3";"35278";"SAINT-GREGOIRE";"35";"53";"BRETAGNE";"J---200G";"";"http://id.eaufrance.fr/CEA/J---200G";"Ecluse de St Grégoire";"2023-04-07T00:00:00Z";"1982-01-01T00:00:00Z";"";"";"1";"16";"";"1";"2";"POH006,POH050,POH118,POH902,RIC019,RIC118,RIC268,RIC318";"1982-01-01T00:00:00Z";"2015-09-18T00:00:00Z";"2020-12-07T00:00:00Z";"ILLE-ET-VILAINE";"true";"48.15075801523955,-1.6793291976659817"
"J7200611";"La Vilaine à Rennes";"J720061101";"La Vilaine à Rennes - Moulin du Comte - amont";"STD";"349761.0";"6788906.0";"26";"-1.7084258627005822";"48.10651949884538";"2";"";"22912.0";"3";"35238";"RENNES";"35";"53";"BRETAGNE";"J---006A";"";"http://id.eaufrance.fr/CEA/J---006A";"Moulin du Comte - amont";"2020-06-26T00:00:00Z";"1993-01-01T00:00:00Z";"2013-03-01T00:00:00Z";"";"1";"16";"";"1";"0";"POH006";"2000-01-01T00:00:00Z";"2015-09-18T00:00:00Z";"2017-08-18T00:00:00Z";"ILLE-ET-VILAINE";"false";"48.10651949884538,-1.7084258627005822"
"J7200611";"La Vilaine à Rennes";"J720061102";"La Vilaine à Rennes - Moulin du Comte - aval";"STD";"349720.0";"6788906.0";"26";"-1.7089757389668812";"48.106497511323255";"2";"";"21553.0";"3";"35238";"RENNES";"35";"53";"BRETAGNE";"J---006A";"";"http://id.eaufrance.fr/CEA/J---006A";"Moulin du Comte - aval";"2020-06-26T00:00:00Z";"2000-01-01T00:00:00Z";"2013-03-01T00:00:00Z";"";"1";"16";"";"1";"0";"POH006";"2000-01-01T00:00:00Z";"2015-09-18T00:00:00Z";"2017-08-18T00:00:00Z";"ILLE-ET-VILAINE";"false";"48.106497511323255,-1.7089757389668812"
"J7214010";"La Flume à Pacé";"J721401001";"La Flume à Pacé - Tixuë";"STD";"344966.0";"6797471.0";"26";"-1.7796924857195873";"48.18085987420953";"1";"";"38576.0";"0";"35210";"PACE";"35";"53";"BRETAGNE";"J7214000";"la Flume";"http://id.eaufrance.fr/CEA/J7214000";"Tixuë";"2021-01-19T00:00:00Z";"1978-02-14T00:00:00Z";"";"";"1";"20";"2 1";"1";"2";"POH006,RIC068,POH050,POH118,POH902,RIC318,BSH003,BSH057,BSH103,BSH157";"1995-11-01T00:00:00Z";"2013-11-18T00:00:00Z";"2015-09-18T00:00:00Z";"ILLE-ET-VILAINE";"true";"48.18085987420953,-1.7796924857195873"
"J7220610";"La Vilaine à Bruz";"J722061001";"La Vilaine à Bruz - Ecluse de Mons-amont";"STD";"344434.0";"6780412.0";"26";"-1.7729720927745527";"48.02734584301309";"";"";"17401.0";"3";"35047";"BRUZ";"35";"53";"BRETAGNE";"J---006A";"";"http://id.eaufrance.fr/CEA/J---006A";"Ecluse de Mons-amont";"2020-06-26T00:00:00Z";"2000-01-01T00:00:00Z";"2011-12-01T00:00:00Z";"";"1";"16";"";"1";"0";"";"2000-01-01T00:00:00Z";"2015-09-18T00:00:00Z";"2015-09-18T00:00:00Z";"ILLE-ET-VILAINE";"false";"48.02734584301309,-1.7729720927745527"
"J7220610";"La Vilaine à Bruz";"J722061002";"La Vilaine à Bruz - Ecluse de Mons-aval";"STD";"344434.0";"6780371.0";"26";"-1.7729388659610017";"48.02697755980787";"";"";"16129.0";"3";"35047";"BRUZ";"35";"53";"BRETAGNE";"J---006A";"";"http://id.eaufrance.fr/CEA/J---006A";"Ecluse de Mons-aval";"2020-06-26T00:00:00Z";"2000-01-01T00:00:00Z";"2011-12-01T00:00:00Z";"";"1";"16";"";"1";"0";"";"2000-01-01T00:00:00Z";"2015-09-18T00:00:00Z";"2015-09-18T00:00:00Z";"ILLE-ET-VILAINE";"false";"48.02697755980787,-1.7729388659610017"
"J7224010";"Le Blosne à Chantepie";"J722401001";"Le Blosne à Chantepie - Le Bois Guiheux";"STD";"354671.0";"6785950.0";"26";"-1.6402388872087337";"48.08258031673656";"1";"";"30000.0";"0";"35055";"CHANTEPIE";"35";"53";"BRETAGNE";"J7224000";"le Blosne";"http://id.eaufrance.fr/CEA/J7224000";"Le Bois Guiheux";"2021-02-22T00:00:00Z";"1982-11-23T00:00:00Z";"1984-06-06T00:00:00Z";"";"1";"20";"1 2";"1";"2";"";"1982-11-01T00:00:00Z";"2013-11-18T00:00:00Z";"2019-05-21T00:00:00Z";"ILLE-ET-VILAINE";"false";"48.08258031673656,-1.6402388872087337"
"J7313010";"Le Meu à Gaël";"J731301001";"Le Meu à Gaël - Le Pont Perrin";"STD";"312118.0";"6793547.0";"26";"-2.2171952480433794";"48.126923733197444";"1";"Station installée pour une étude de faisabilité de barrage. Marnage 0-3m";"57000.0";"0";"35117";"GAEL";"35";"53";"BRETAGNE";"J73-0300";"le Meu";"http://id.eaufrance.fr/CEA/J73-0300";"Le Pont Perrin";"2023-04-07T00:00:00Z";"1994-08-17T00:00:00Z";"";"";"1";"20";"1 2";"1";"2";"BSH057,BSH157,POH006,POH050,POH118,POH902,RIC118,RIC268,RIC318";"1994-08-17T00:00:00Z";"2013-11-18T00:00:00Z";"2015-09-20T00:00:00Z";"ILLE-ET-VILAINE";"true";"48.126923733197444,-2.2171952480433794"
"J7344010";"Le Garun à Iffendic";"J734401001";"Le Garun à Iffendic - La Roncelinais";"STD";"329020.0";"6797251.0";"26";"-1.9936208823746142";"48.17001017151831";"2";"Marnage 0-2m";"41063.0";"3";"35133";"IFFENDIC";"35";"53";"BRETAGNE";"J7344000";"le Garun";"http://id.eaufrance.fr/CEA/J7344000";"La Roncelinais";"2023-04-07T00:00:00Z";"2008-05-10T00:00:00Z";"";"Rejets stations d'épuration";"1";"20";"1 2";"1";"2";"BSH057,BSH157,POH006,POH050,POH118,POH902,RIC118,RIC268,RIC318";"2008-05-10T00:00:00Z";"2015-09-20T00:00:00Z";"2018-11-13T00:00:00Z";"ILLE-ET-VILAINE";"true";"48.17001017151831,-1.9936208823746142"
"J7353010";"Le Meu à Montfort-sur-Meu";"J735301001";"Le Meu à Montfort-sur-Meu - L'Abbaye";"STD";"332399.0";"6792427.0";"26";"-1.944196378205973";"48.128600681646994";"1";"Marnage 0-3m";"29459.0";"0";"35188";"MONTFORT-SUR-MEU";"35";"53";"BRETAGNE";"J73-0300";"le Meu";"http://id.eaufrance.fr/CEA/J73-0300";"L'Abbaye";"2021-01-19T00:00:00Z";"1968-09-24T00:00:00Z";"";"";"1";"20";"1 2";"1";"2";"POH006,RIC019,POH050,POH118,POH902,RIC268,RIC318,RIC118,BSH003,BSH057,BSH103,BSH157";"1995-11-01T00:00:00Z";"2013-11-18T00:00:00Z";"2015-09-20T00:00:00Z";"ILLE-ET-VILAINE";"true";"48.128600681646994,-1.944196378205973"
"J7355010";"Le Serein à Treffendel";"J735501001";"Le Serein à Treffendel - Pont D 36";"STD";"325098.0";"6783857.0";"26";"-2.034790772533556";"48.047487987420155";"2";"";"82000.0";"0";"35340";"TREFFENDEL";"35";"53";"BRETAGNE";"J7355000";"le Serein";"http://id.eaufrance.fr/CEA/J7355000";"Pont D 36";"2021-02-22T00:00:00Z";"1968-04-01T00:00:00Z";"1989-01-02T00:00:00Z";"";"1";"20";"1 2";"1";"2";"";"1982-01-01T00:00:00Z";"2013-11-18T00:00:00Z";"2019-05-21T00:00:00Z";"ILLE-ET-VILAINE";"false";"48.047487987420155,-2.034790772533556"
"J7356010";"[Le Careil] à Monterfil";"J735601001";"[Le Careil] à Monterfil - La Violais";"STD";"328853.0";"6784875.0";"26";"-1.9853591148173684";"48.058772863548626";"1";"Hauteur/temps dans Hydro2 à partir du 08/10/1968 14h20 (fuites à la construction du déversoir). Du 01/09/1967 au 01/04/1968, la station est gérée par la CGE (Compagnie Générale des Eaux).";"47000.0";"0";"35187";"MONTERFIL";"35";"53";"BRETAGNE";"J7356000";"";"http://id.eaufrance.fr/CEA/J7356000";"La Violais";"2021-02-22T00:00:00Z";"1968-10-08T00:00:00Z";"1990-01-21T00:00:00Z";"";"1";"20";"1 2";"1";"2";"";"1982-01-01T00:00:00Z";"2013-11-18T00:00:00Z";"2019-05-21T00:00:00Z";"ILLE-ET-VILAINE";"false";"48.058772863548626,-1.9853591148173684"
"J7364210";"La Chèze à Saint-Thurial";"J736421001";"La Chèze à Saint-Thurial";"STD";"331206.0";"6781056.0";"26";"-1.9506240227939209";"48.02580551792579";"1";"";"";"";"35319";"SAINT-THURIAL";"35";"53";"BRETAGNE";"J7364200";"la Chèze";"http://id.eaufrance.fr/CEA/J7364200";"";"2021-02-22T00:00:00Z";"1968-04-01T00:00:00Z";"1974-01-29T00:00:00Z";"";"1";"20";"1 2";"1";"2";"";"";"";"";"ILLE-ET-VILAINE";"false";"48.02580551792579,-1.9506240227939209"
"J7364220";"La Chèze à Plélan-le-Grand";"J736422001";"La Chèze à Plélan-le-Grand - L'Enlevrier";"STD";"324472.0";"6779605.0";"26";"-2.0395354490630813";"48.0089431810838";"1";"2 buses de 0.6 m installées en RD vers octobre 2001.";"88000.0";"0";"35223";"PLELAN-LE-GRAND";"35";"53";"BRETAGNE";"J7364200";"la Chèze";"http://id.eaufrance.fr/CEA/J7364200";"L'Enlevrier";"2022-02-16T00:00:00Z";"1989-12-27T00:00:00Z";"";"";"1";"20";"1 2";"1";"2";"POH118,POH006,BSH003,BSH057,RIC318,POH050,POH902,BSH103,BSH157";"1995-11-01T00:00:00Z";"2013-11-18T00:00:00Z";"2015-09-20T00:00:00Z";"ILLE-ET-VILAINE";"true";"48.0089431810838,-2.0395354490630813"
"J7373110";"La Vaunoise à Saint-Gilles";"J737311001";"La Vaunoise à Saint-Gilles - Villebrioux";"STD";"339205.0";"6793155.0";"26";"-1.8534899735451202";"48.13893592129538";"1";"";"33000.0";"0";"35275";"SAINT-GILLES";"35";"53";"BRETAGNE";"J73-0310";"la Vaunoise";"http://id.eaufrance.fr/CEA/J73-0310";"Villebrioux";"2021-02-22T00:00:00Z";"1971-03-11T00:00:00Z";"1990-01-11T00:00:00Z";"";"1";"12";"1 2";"1";"2";"";"1982-01-01T00:00:00Z";"2013-11-18T00:00:00Z";"2019-05-21T00:00:00Z";"ILLE-ET-VILAINE";"false";"48.13893592129538,-1.8534899735451202"
"J7393010";"Le Meu à Bréal-sous-Montfort";"J739301001";"Le Meu à Bréal-sous-Montfort - Le Grand Pont";"STD";"338692.0";"6785366.0";"26";"-1.8539407567808546";"48.06869538516538";"2";"Marnage 0-4m";"23431.0";"3";"35037";"BREAL-SOUS-MONTFORT";"35";"53";"BRETAGNE";"J73-0300";"le Meu";"http://id.eaufrance.fr/CEA/J73-0300";"Le Grand Pont";"2023-04-07T00:00:00Z";"2008-02-22T00:00:00Z";"";"";"1";"16";"0";"1";"0";"POH050,POH118,POH902,RIC019,RIC118,RIC268,RIC318";"2008-02-22T00:00:00Z";"2015-09-20T00:00:00Z";"2018-11-13T00:00:00Z";"ILLE-ET-VILAINE";"true";"48.06869538516538,-1.8539407567808546"
"J7443010";"La Seiche à Amanlis";"J744301001";"La Seiche à Amanlis - Pont D 37";"STD";"366599.0";"6777124.0";"26";"-1.4735980516382312";"48.00947975724737";"2";"";"30008.0";"3";"35002";"AMANLIS";"35";"53";"BRETAGNE";"J74-0300";"la Seiche";"http://id.eaufrance.fr/CEA/J74-0300";"Pont D 37";"2023-04-07T00:00:00Z";"1996-01-01T00:00:00Z";"";"";"1";"16";"2";"1";"0";"BSH057,BSH157,POH006,POH050,POH118,POH902,RIC019,RIC118,RIC268,RIC318";"1996-01-01T00:00:00Z";"2015-09-20T00:00:00Z";"2015-09-20T00:00:00Z";"ILLE-ET-VILAINE";"true";"48.00947975724737,-1.4735980516382312"
"J7470001";"L'Ise à Bourgbarré";"J747000101";"L'Ise à Bourgbarré - Pont D 39";"STD";"356210.0";"6776479.0";"26";"-1.6121813328047672";"47.998309135821195";"1";"";"";"";"35032";"BOURGBARRE";"35";"53";"BRETAGNE";"J7474000";"l'Ise";"http://id.eaufrance.fr/CEA/J7474000";"Pont D 39";"2023-04-07T00:00:00Z";"2015-06-23T00:00:00Z";"";"";"1";"16";"1 2";"1";"2";"BSH057,BSH157,POH006,POH050,POH118,POH902,RIC068,RIC318";"";"";"";"ILLE-ET-VILAINE";"true";"47.998309135821195,-1.6121813328047672"
"J7483010";"La Seiche à Bruz et à Pont-Péan";"J748301001";"La Seiche à Bruz - Carcé";"STD";"348153.0";"6779313.0";"26";"-1.7222881473931566";"48.019484848650684";"1";"Marnage 0-4m Suite à la destruction du déversoir au lieu-dit la Clinique du Moulin pour la continuité écologique en septembre 2014, il n'y a plus de relation hauteur/débit stable sur cette station. La DREAL Bretagne ne conserve alors que l'enregistrement des hauteurs d'eau pour les besoins du SPC.";"15575.0";"3";"35047";"BRUZ";"35";"53";"BRETAGNE";"J74-0300";"la Seiche";"http://id.eaufrance.fr/CEA/J74-0300";"Carcé";"2023-04-07T00:00:00Z";"1967-11-21T00:00:00Z";"";"";"1";"20";"1 2";"1";"2";"POH006,POH050,POH118,POH902";"1967-11-21T00:00:00Z";"2019-10-25T00:00:00Z";"2021-06-01T00:00:00Z";"ILLE-ET-VILAINE";"true";"48.019484848650684,-1.7222881473931566"
"J7483010";"La Seiche à Bruz et à Pont-Péan";"J748301002";"La Seiche à Pont-Péan - Pont D 837";"STD";"349346.0";"6779662.0";"26";"-1.7065932128671164";"48.02326049622582";"1";"Marnage 0-4m";"17299.0";"3";"35363";"PONT-PEAN";"35";"53";"BRETAGNE";"J74-0300";"la Seiche";"http://id.eaufrance.fr/CEA/J74-0300";"Pont D 837";"2023-04-07T00:00:00Z";"2015-11-26T00:00:00Z";"";"";"1";"16";"0";"1";"0";"BSH057,BSH157,POH006,POH050,POH118,POH902,RIC019,RIC118,RIC268,RIC318";"2015-10-23T00:00:00Z";"2016-02-16T00:00:00Z";"2016-09-30T00:00:00Z";"ILLE-ET-VILAINE";"true";"48.02326049622582,-1.7065932128671164"
"J7500610";"La Vilaine à Guichen et à Bourg-des-Comptes";"J750061001";"La Vilaine à Guichen - Le Boël [aval écluse]";"STD";"345536.0";"6776511.0";"26";"-1.7550655154183377";"47.99290237735585";"2";"Cette station a été gérée par le Service de Bassin Loire-Bretagne jusqu'au 25/09/2000. Les cotes sont mesurées à l'aval de l'écluse (0 échelle = 12.707 m NGF) et non à l'amont (0 échelle = 14.293 m NGF).";"12707.0";"0";"35126";"GUICHEN";"35";"53";"BRETAGNE";"J---006A";"";"http://id.eaufrance.fr/CEA/J---006A";"Le Boël [aval écluse]";"2023-04-07T00:00:00Z";"1991-01-01T00:00:00Z";"";"";"1";"20";"1 2";"1";"2";"POH006,POH050,POH118,POH902,RIC019,RIC118,RIC268,RIC318";"1995-11-01T00:00:00Z";"2013-11-18T00:00:00Z";"2015-09-20T00:00:00Z";"ILLE-ET-VILAINE";"true";"47.99290237735585,-1.7550655154183377"
"J7500610";"La Vilaine à Guichen et à Bourg-des-Comptes";"J750061002";"La Vilaine à Bourg-des-Comptes - La Bouëxière [amont écluse]";"STD";"345572.0";"6771251.0";"26";"-1.750343902728705";"47.94567137049869";"0";"";"";"";"35033";"BOURG-DES-COMPTES";"35";"53";"BRETAGNE";"J---006A";"";"http://id.eaufrance.fr/CEA/J---006A";"La Bouëxière [amont écluse]";"2023-04-07T00:00:00Z";"2020-06-02T00:00:00Z";"";"";"1";"16";"1";"";"";"BSH003,BSH057,BSH103,BSH157,POH006,POH050,POH118,POH902";"";"";"";"ILLE-ET-VILAINE";"true";"47.94567137049869,-1.750343902728705"
"J7513010";"Le Canut [nord] à Maxent";"J751301001";"Le Canut [nord] à Maxent - La Botelerais";"STD";"327818.0";"6777885.0";"26";"-1.9932950719074847";"47.995407598692175";"1";"";"89380.0";"0";"35169";"MAXENT";"35";"53";"BRETAGNE";"J75-0300";"le Canut";"http://id.eaufrance.fr/CEA/J75-0300";"La Botelerais";"2022-02-16T00:00:00Z";"1989-12-27T00:00:00Z";"";"";"1";"20";"1 2";"1";"2";"POH118,POH006,BSH003,BSH057,RIC318,POH050,POH902,BSH103,BSH157";"1995-11-01T00:00:00Z";"2013-11-18T00:00:00Z";"2015-09-20T00:00:00Z";"ILLE-ET-VILAINE";"true";"47.995407598692175,-1.9932950719074847"
"J7523020";"Le Canut [nord] à Lassy";"J752302001";"Le Canut [nord] à Lassy - Le Val";"STD";"337883.0";"6773621.0";"26";"-1.8550923258545382";"47.962754321659446";"1";"";"";"";"35149";"LASSY";"35";"53";"BRETAGNE";"J75-0300";"le Canut";"http://id.eaufrance.fr/CEA/J75-0300";"Le Val";"2021-05-12T00:00:00Z";"1971-03-01T00:00:00Z";"1975-02-24T00:00:00Z";"";"1";"20";"1 2";"1";"2";"";"";"";"";"ILLE-ET-VILAINE";"false";"47.962754321659446,-1.8550923258545382"
"J7523020";"Le Canut [nord] à Lassy";"J752302002";"Le Canut [nord] à Lassy - Pont de Lassy";"STD";"336124.0";"6773184.0";"26";"-1.878254827160313";"47.95785406340242";"3";"Station installée pour une étude de faisabilité de barrage.";"42699.0";"0";"35149";"LASSY";"35";"53";"BRETAGNE";"J75-0300";"le Canut";"http://id.eaufrance.fr/CEA/J75-0300";"Pont de Lassy";"2021-02-22T00:00:00Z";"1994-08-11T00:00:00Z";"2001-09-26T00:00:00Z";"";"1";"20";"1 2";"1";"2";"";"1995-11-01T00:00:00Z";"2013-11-18T00:00:00Z";"2015-09-20T00:00:00Z";"ILLE-ET-VILAINE";"false";"47.95785406340242,-1.878254827160313"
"J7633010";"Le Semnon à Bain-de-Bretagne";"J763301001";"Le Semnon à Bain-de-Bretagne - Rochereuil";"STD";"353996.0";"6761228.0";"26";"-1.6298329270297593";"47.86012735201522";"1";"";"21548.0";"0";"35012";"BAIN-DE-BRETAGNE";"35";"53";"BRETAGNE";"J76-0300";"le Semnon";"http://id.eaufrance.fr/CEA/J76-0300";"Rochereuil";"2021-01-19T00:00:00Z";"1970-11-04T00:00:00Z";"";"";"1";"20";"2 1";"1";"2";"POH006,POH050,POH118,POH902,RIC118,RIC268,RIC318,BSH003,BSH057,BSH103,BSH157";"1995-11-01T00:00:00Z";"2013-11-18T00:00:00Z";"2015-09-20T00:00:00Z";"ILLE-ET-VILAINE";"true";"47.86012735201522,-1.6298329270297593"
"J7700610";"La Vilaine à Guipry et à Messac";"J770061001";"La Vilaine à Guipry - Ecluse de Guipry";"STD";"339392.0";"6757912.0";"26";"-1.8220648690292984";"47.822475049070505";"2";"";"5522.0";"3";"35129";"GUIPRY";"35";"53";"BRETAGNE";"J---006A";"";"http://id.eaufrance.fr/CEA/J---006A";"Ecluse de Guipry";"2023-04-07T00:00:00Z";"1996-01-01T00:00:00Z";"";"";"1";"16";"2";"1";"0";"POH050,POH118,POH902,RIC019,RIC118,RIC268,RIC318";"1996-01-01T00:00:00Z";"2015-09-20T00:00:00Z";"2020-12-14T00:00:00Z";"ILLE-ET-VILAINE";"true";"47.822475049070505,-1.8220648690292984"
"J7700610";"La Vilaine à Guipry et à Messac";"J770061002";"La Vilaine à Guipry - Ecluse de Mâlon [amont]";"STD";"337694.0";"6755338.0";"26";"-1.8426055735741111";"47.79841741742681";"3";"";"251.0";"0";"35129";"GUIPRY";"35";"53";"BRETAGNE";"J---006A";"";"http://id.eaufrance.fr/CEA/J---006A";"Ecluse de Mâlon [amont]";"2023-04-07T00:00:00Z";"1996-04-19T00:00:00Z";"";"";"1";"16";"2";"1";"2";"POH006,POH050,POH118,POH902,RIC068,RIC318";"1934-12-01T00:00:00Z";"2013-11-18T00:00:00Z";"2015-09-20T00:00:00Z";"ILLE-ET-VILAINE";"true";"47.79841741742681,-1.8426055735741111"
"J7700610";"La Vilaine à Guipry et à Messac";"J770061003";"La Vilaine à Guipry - Ecluse de Mâlon [aval]";"STD";"337713.0";"6755300.0";"26";"-1.8423211463263973";"47.79808653333669";"2";"";"251.0";"3";"35129";"GUIPRY";"35";"53";"BRETAGNE";"J---006A";"";"http://id.eaufrance.fr/CEA/J---006A";"Ecluse de Mâlon [aval]";"2021-05-18T00:00:00Z";"1934-01-01T00:00:00Z";"2020-08-06T00:00:00Z";"";"1";"16";"2";"1";"0";"";"1996-04-19T00:00:00Z";"2015-09-20T00:00:00Z";"2015-09-20T00:00:00Z";"ILLE-ET-VILAINE";"false";"47.79808653333669,-1.8423211463263973"
"J7900610";"La Vilaine à Langon";"J790061001";"La Vilaine à Langon";"STD";"336350.0";"6745394.0";"26";"-1.8523670156267098";"47.708343683403186";"1";"Cette station a été gérée par le Service de Bassin Loire-Bretagne jusqu'au 25/09/2000. NB : échelle NGF (0 échelle = 0 NGF)";"";"";"35145";"LANGON";"35";"53";"BRETAGNE";"J---006A";"";"http://id.eaufrance.fr/CEA/J---006A";"";"2021-02-19T00:00:00Z";"1995-01-02T00:00:00Z";"1996-12-30T00:00:00Z";"";"1";"20";"1 2";"1";"2";"";"";"";"";"ILLE-ET-VILAINE";"false";"47.708343683403186,-1.8523670156267098"
"J7900610";"La Vilaine à Langon";"J790061002";"La Vilaine à Langon - Droulin";"DEB";"336373.0";"6745374.0";"26";"-1.8520445090237219";"47.708176723227666";"3";"Station hauteur/vitesse. Les faibles débits sont douteux et doivent encore être validés (jaugeages DREAL). NB : échelle NGF (0 échelle = 0 NGF)";"";"";"35145";"LANGON";"35";"53";"BRETAGNE";"J---006A";"";"http://id.eaufrance.fr/CEA/J---006A";"Droulin";"2021-05-28T00:00:00Z";"2006-06-01T00:00:00Z";"";"Station soumise à l'influence aval du barrage d'Arzal.";"1";"12";"1 2";"1";"2";"POH006,POH050,POH118,POH902";"";"";"";"ILLE-ET-VILAINE";"true";"47.708176723227666,-1.8520445090237219"
"J7973010";"Le Canut [sud] à Saint-Just";"J797301001";"Le Canut [sud] à Saint-Just - Pont D 54";"STD";"327318.0";"6753513.0";"26";"-1.9793932777579655";"47.77621935525717";"1";"";"25713.0";"0";"35285";"SAINT-JUST";"35";"53";"BRETAGNE";"J79-0310";"le Canut";"http://id.eaufrance.fr/CEA/J79-0310";"Pont D 54";"2023-02-03T00:00:00Z";"1968-10-01T00:00:00Z";"";"";"1";"20";"1 2";"1";"2";"POH118,POH006,BSH003,BSH057,RIC318,POH050,POH902,BSH103,BSH157";"1995-11-01T00:00:00Z";"2013-11-18T00:00:00Z";"2015-09-20T00:00:00Z";"ILLE-ET-VILAINE";"true";"47.77621935525717,-1.9793932777579655"
"J8602410";"L'Aff à Paimpont";"J860241001";"L'Aff à Paimpont - Pont du Secret";"STD";"316598.1645252";"6777142.1733199";"26";"-2.142756112754376";"47.98226050317735";"1";"";"64000.0";"0";"35211";"PAIMPONT";"35";"53";"BRETAGNE";"J8--0240";"l'Aff";"http://id.eaufrance.fr/CEA/J8--0240";"Pont du Secret";"2023-04-13T00:00:00Z";"1968-09-24T00:00:00Z";"";"";"1";"20";"1 2";"1";"2";"POH118,POH006,BSH003,BSH057,RIC318,POH050,POH902,BSH103,BSH157";"1995-11-01T00:00:00Z";"2022-02-16T00:00:00Z";"2023-04-13T00:00:00Z";"ILLE-ET-VILAINE";"true";"47.98226050317735,-2.142756112754376"
"J8653010";"Le Combs à Maure-de-Bretagne";"J865301001";"Le Combs à Maure-de-Bretagne - Compessy";"STD";"329905.0";"6764522.0";"26";"-1.9541356894457929";"47.876568512762624";"1";"";"21774.0";"0";"35168";"VAL D'ANAST";"35";"53";"BRETAGNE";"J86-0300";"le Combs";"http://id.eaufrance.fr/CEA/J86-0300";"Compessy";"2021-02-22T00:00:00Z";"1968-09-26T00:00:00Z";"1996-01-29T00:00:00Z";"";"1";"20";"1 2";"1";"2";"";"1995-11-01T00:00:00Z";"2013-11-18T00:00:00Z";"2015-09-20T00:00:00Z";"ILLE-ET-VILAINE";"false";"47.876568512762624,-1.9541356894457929"
"J8702410";"L'Aff à Sixt-sur-Aff";"J870241001";"L'Aff à Sixt-sur-Aff - Pont D 55";"STD";"319595.0";"6754933.0";"26";"-2.0835178703264665";"47.784547725940584";"";"";"";"";"35328";"SIXT-SUR-AFF";"35";"53";"BRETAGNE";"J8--0240";"l'Aff";"http://id.eaufrance.fr/CEA/J8--0240";"Pont D 55";"2020-06-26T00:00:00Z";"2000-01-01T00:00:00Z";"2008-09-01T00:00:00Z";"";"1";"16";"2";"1";"0";"POH006,POH050,POH118,POH902";"";"";"";"ILLE-ET-VILAINE";"false";"47.784547725940584,-2.0835178703264665"
"J9000010";"Le canal de Nantes à Brest à Redon";"J900001001";"Le canal de Nantes à Brest à Redon - Ecluse d'Oust";"STD";"318491.0";"6739827.0";"26";"-2.0852478396693765";"47.648226997108715";"";"";"";"";"35236";"REDON";"35";"53";"BRETAGNE";"----100G";"";"http://id.eaufrance.fr/CEA/----100G";"Ecluse d'Oust";"2023-04-07T00:00:00Z";"1996-01-01T00:00:00Z";"";"";"1";"16";"2";"1";"0";"POH050,POH118,POH902,RIC019,RIC118,RIC268,RIC318";"";"";"";"ILLE-ET-VILAINE";"true";"47.648226997108715,-2.0852478396693765"
"J9000610";"La Vilaine à Redon";"J900061001";"La Vilaine à Redon - Quai Duguay-Trouin";"STD";"318527.0";"6739784.0";"26";"-2.0847324531268745";"47.647861611822634";"";"NB : échelle NGF (0 échelle = 0 NGF)";"";"";"35236";"REDON";"35";"53";"BRETAGNE";"J---006A";"";"http://id.eaufrance.fr/CEA/J---006A";"Quai Duguay-Trouin";"2023-04-07T00:00:00Z";"1996-01-01T00:00:00Z";"";"";"1";"16";"2";"1";"0";"POH050,POH118,POH902,RIC019,RIC118,RIC268,RIC318";"";"";"";"ILLE-ET-VILAINE";"true";"47.647861611822634,-2.0847324531268745"
